ID Empleado,Año de Nacimiento,Edad,Sexo,Sexo Num,Fecha Inicio de Contrato,Fecha Hoy,Antigüedad Meses,Antigüedad Años,Formación Oficial Reglada,Formación Oficial Num,ESTADO CIVIL,HIJOS,% MINUSVALÍA,Categoría laboral,Cat Lab num,Horas Jornada,FTE,Días de Trabajo Perdido (Abs),Departamento,Departamento Num,Rotación Externa,Rotación Interna,Salario Anual Inicial 2020,Salario Anual Actual 2020,Diferencia Salario,Experiencia previa (meses),Horas de formación recibidas,Neglicencias/Sanciones,Nuevas contrataciones 2020,NPS,Evaluación Desempeño
123,1959-02-26,61,Hombre,1,2016-03-16,2020-10-14,55.766666666666666,4.647222222222222,Grado Medio,2,Soltero,0.0,No,Administrativo,2,40.0,1.0,0,Departamento 3,3,1,0,26496,26496,0,284,0,5,0,6,6
119,2001-12-21,18,Mujer,0,2020-04-27,2020-10-14,5.666666666666667,0.47222222222222227,Universitaria,5,Soltero,0.0,No,Operador,1,30.0,0.75,0,Departamento 5,5,1,0,17720,17720,0,47,0,5,1,7,8
85,1987-07-11,33,Mujer,0,2014-08-02,2020-10-14,75.5,6.291666666666667,Grado Medio,2,Soltero,0.0,No,Jefe Departamento,4,40.0,1.0,0,Departamento 5,5,1,0,29686,29686,0,324,25,4,0,10,10
5,1963-11-07,56,Hombre,1,2015-09-08,2020-10-14,62.1,5.175,Bachillerato,3,Casado,1.0,No,Operador,1,40.0,1.0,7,Departamento 5,5,1,0,19197,19197,0,114,6,4,0,4,7
67,1998-08-05,22,Hombre,1,2019-02-06,2020-10-14,20.533333333333335,1.7111111111111112,ESO,1,Soltero,0.0,No,Operador,1,40.0,1.0,47,Departamento 5,5,1,0,18864,18864,0,18,18,4,0,4,5
87,1971-10-08,49,Mujer,0,2006-05-16,2020-10-14,175.5,14.625,Grado Medio,2,Soltero,0.0,No,Operador,1,20.0,0.5,0,Departamento 5,5,1,0,18586,18586,0,252,0,4,0,10,10
98,1964-03-27,56,Hombre,1,2018-12-27,2020-10-14,21.9,1.825,Grado Medio,2,Soltero,0.6347517730496454,No,Operador,1,20.0,0.5,0,Departamento 5,5,1,0,17955,17955,0,20,12,4,0,8,10
61,1996-09-08,24,Mujer,0,2018-09-19,2020-10-14,25.2,2.1,Grado Medio,2,Casado,1.0,No,Administrativo,2,40.0,1.0,2,Departamento 2,2,1,0,23814,23814,0,144,18,3,0,10,9
193,1985-08-26,35,Mujer,0,2016-07-07,2020-10-14,52.0,4.333333333333333,ESO,1,Soltero,0.0,No,Operador,1,40.0,1.0,0,Departamento 7,7,1,0,19096,19096,0,35,0,3,0,9,5
288,1992-12-17,27,Hombre,1,2016-04-20,2020-10-14,54.6,4.55,ESO,1,Soltero,0.0,No,Operador,1,30.0,0.75,0,Departamento 7,7,1,0,17034,17034,0,199,0,3,0,6,8
50,2000-01-18,20,Mujer,0,2019-03-16,2020-10-14,19.266666666666666,1.6055555555555554,Bachillerato,3,Soltero,0.0,No,Operador,1,40.0,1.0,0,Departamento 5,5,1,0,16419,16419,0,36,6,3,0,10,7
105,1979-02-18,41,Hombre,1,2003-10-10,2020-10-14,207.13333333333333,17.26111111111111,Grado Medio,2,Soltero,0.0,No,Operador,1,30.0,0.75,0,Departamento 5,5,1,0,19224,19224,0,438,12,3,0,6,6
69,2001-08-23,19,Mujer,0,2020-01-22,2020-10-14,8.866666666666667,0.7388888888888889,Universitaria,5,Casado,2.0,No,Administrativo,2,40.0,1.0,20,Departamento 2,2,1,0,19848,23587,3739,49,18,2,1,6,7
128,1976-09-20,44,Mujer,0,2001-09-17,2020-10-14,232.23333333333332,19.352777777777778,Grado Medio,2,Separado,2.0,No,Jefe Departamento,4,40.0,1.0,0,Departamento 8,8,1,0,33737,33737,0,302,35,2,0,6,6
242,1980-03-31,40,Mujer,0,2010-09-17,2020-10-14,122.66666666666667,10.222222222222223,Grado Superior,4,Soltero,0.0,No,Operador,1,40.0,1.0,1,Departamento 7,7,1,0,17798,17798,0,20,0,2,0,9,5
163,1976-09-24,44,Hombre,1,2019-10-21,2020-10-14,11.966666666666667,0.9972222222222222,ESO,1,Casado,0.0,No,Operador,1,24.0,0.6,0,Departamento 6,6,1,0,17782,17782,0,83,0,2,0,7,6
45,1973-08-13,47,Mujer,0,2009-07-08,2020-10-14,137.2,11.433333333333332,ESO,1,Soltero,0.0,No,Operador,1,30.0,0.75,0,Departamento 5,5,1,0,16032,16032,0,32,0,2,0,10,10
99,1960-10-28,60,Mujer,0,2015-05-21,2020-10-14,65.76666666666667,5.480555555555555,Universitaria,5,Soltero,0.6347517730496454,No,Administrativo,2,20.0,0.5,0,Departamento 3,3,1,0,18888,20029,1141,60,12,1,0,7,9
161,1982-12-11,37,Mujer,0,2008-02-07,2020-10-14,154.43333333333334,12.869444444444445,Bachillerato,3,Casado,1.0,No,Administrativo,2,40.0,1.0,111,Departamento 1,1,1,0,24353,24353,0,199,12,1,0,5,6
152,1962-11-02,57,Mujer,0,2014-06-24,2020-10-14,76.8,6.3999999999999995,Grado Medio,2,Soltero,0.6347517730496454,No,Administrativo,2,40.0,1.0,0,Departamento 1,1,1,0,25464,25464,0,66,0,1,0,6,8
32,1975-04-05,45,Hombre,1,2012-04-13,2020-10-14,103.53333333333333,8.627777777777778,Grado Superior,4,Casado,2.0,No,Jefe de Área,5,40.0,1.0,0,Departamento 3,3,1,0,42512,42512,0,93,50,1,0,4,10
190,1967-05-30,53,Mujer,0,2015-10-19,2020-10-14,60.733333333333334,5.061111111111111,ESO,1,Casado,1.0,No,Operador,1,30.0,0.75,0,Departamento 7,7,1,0,17084,17084,0,48,0,1,0,8,7
18,1999-04-24,21,Hombre,1,2020-06-29,2020-10-14,3.566666666666667,0.2972222222222222,Bachillerato,3,Casado,2.0,No,Operador,1,30.0,0.75,241,Departamento 5,5,1,0,18730,18730,0,54,6,1,1,5,6
59,1991-07-17,29,Mujer,0,2016-01-19,2020-10-14,57.666666666666664,4.805555555555555,ESO,1,Casado,2.0,No,Operador,1,20.0,0.5,0,Departamento 5,5,1,0,16483,16483,0,432,25,1,0,9,6
95,1986-12-19,33,Hombre,1,2018-07-16,2020-10-14,27.366666666666667,2.2805555555555554,Grado Medio,2,Soltero,0.6347517730496454,No,Operador,1,20.0,0.5,0,Departamento 5,5,1,0,16017,16017,0,54,12,1,0,4,6
229,1976-07-08,44,Hombre,1,2013-06-17,2020-10-14,89.2,7.433333333333334,Bachillerato,3,Casado,0.0,No,Supervisor,3,30.0,0.75,0,Departamento 7,7,1,0,18811,18811,0,324,0,1,0,8,10
223,1977-03-14,43,Hombre,1,2017-09-25,2020-10-14,37.166666666666664,3.097222222222222,Bachillerato,3,Soltero,0.0,No,Administrativo,2,20.0,0.5,0,Departamento 4,4,0,0,26630,26630,0,209,0,0,0,7,10
226,1969-02-17,51,Mujer,0,2014-07-02,2020-10-14,76.53333333333333,6.377777777777777,Grado Medio,2,Soltero,1.0,No,Administrativo,2,20.0,0.5,0,Departamento 4,4,0,0,17333,17333,0,22,0,0,0,9,6
233,1959-06-05,61,Mujer,0,2014-12-30,2020-10-14,70.5,5.875,Universitaria,5,Casado,1.0,No,Administrativo,2,30.0,0.75,0,Departamento 4,4,0,0,22230,22230,0,182,0,0,0,5,7
234,2000-08-04,20,Mujer,0,2018-05-07,2020-10-14,29.7,2.475,Grado Superior,4,Casado,0.0,No,Administrativo,2,30.0,0.75,0,Departamento 4,4,0,0,16158,16158,0,359,0,0,0,6,9
236,1981-08-15,39,Mujer,0,2017-11-04,2020-10-14,35.833333333333336,2.986111111111111,Bachillerato,3,Separado,1.0,No,Administrativo,2,20.0,0.5,0,Departamento 4,4,1,0,19392,19392,0,143,0,0,0,7,8
238,1970-03-15,50,Mujer,0,2014-10-22,2020-10-14,72.8,6.066666666666666,Grado Superior,4,Casado,1.0,No,Administrativo,2,40.0,1.0,0,Departamento 4,4,0,0,16528,16528,0,451,0,0,0,8,10
239,1974-09-09,46,Hombre,1,2018-11-21,2020-10-14,23.1,1.925,Bachillerato,3,Casado,4.0,No,Administrativo,2,40.0,1.0,0,Departamento 4,4,0,0,24761,24761,0,54,0,0,0,9,10
240,1994-10-21,26,Hombre,1,2016-03-27,2020-10-14,55.4,4.616666666666666,Universitaria,5,Separado,2.0,No,Administrativo,2,30.0,0.75,0,Departamento 4,4,0,0,19087,19087,0,56,0,0,0,4,5
244,1959-02-27,61,Hombre,1,2017-09-06,2020-10-14,37.8,3.15,Bachillerato,3,Casado,2.0,No,Administrativo,2,40.0,1.0,0,Departamento 4,4,0,0,24323,24323,0,25,0,0,0,6,10
245,1986-12-15,33,Hombre,1,2015-11-25,2020-10-14,59.5,4.958333333333333,Bachillerato,3,Casado,1.0,No,Administrativo,2,40.0,1.0,0,Departamento 4,4,0,0,18629,18629,0,37,0,0,0,4,6
247,1962-03-30,58,Hombre,1,2014-10-05,2020-10-14,73.36666666666666,6.113888888888888,Bachillerato,3,Casado,3.0,No,Administrativo,2,40.0,1.0,0,Departamento 4,4,0,0,21770,21770,0,367,0,0,0,4,8
248,1971-04-09,49,Mujer,0,2007-05-23,2020-10-14,163.1,13.591666666666667,Grado Medio,2,Soltero,2.0,No,Administrativo,2,35.0,0.875,0,Departamento 4,4,0,0,27858,27858,0,134,0,0,0,5,5
252,1963-05-25,57,Hombre,1,2015-12-28,2020-10-14,58.4,4.866666666666666,Grado Medio,2,Casado,1.0,No,Administrativo,2,40.0,1.0,0,Departamento 4,4,0,0,17902,17902,0,72,0,0,0,7,7
255,1985-06-18,35,Hombre,1,2017-12-21,2020-10-14,34.266666666666666,2.8555555555555556,ESO,1,Soltero,0.0,No,Administrativo,2,40.0,1.0,0,Departamento 4,4,0,0,20891,20891,0,33,0,0,0,10,6
262,2002-01-13,18,Mujer,0,2020-05-05,2020-10-14,5.4,0.45,Universitaria,5,Soltero,0.6347517730496454,No,Administrativo,2,20.0,0.5,0,Departamento 4,4,1,0,26461,26461,0,150,0,0,1,7,5
270,1998-01-27,22,Hombre,1,2001-06-27,2020-10-14,234.96666666666667,19.580555555555556,Bachillerato,3,Casado,2.0,No,Administrativo,2,40.0,1.0,0,Departamento 4,4,0,0,20799,20799,0,108,0,0,0,9,6
271,1983-06-23,37,Mujer,0,2014-02-13,2020-10-14,81.16666666666667,6.763888888888889,Grado Medio,2,Casado,0.0,No,Administrativo,2,40.0,1.0,0,Departamento 4,4,0,0,24175,29519,5344,64,0,0,0,7,9
272,1963-11-07,56,Hombre,1,2015-07-22,2020-10-14,63.7,5.308333333333334,ESO,1,Casado,1.0,No,Administrativo,2,40.0,1.0,0,Departamento 4,4,0,0,20934,20934,0,302,0,0,0,7,8
273,2000-09-17,20,Hombre,1,2020-02-03,2020-10-14,8.466666666666667,0.7055555555555556,Grado Medio,2,Soltero,0.0,No,Administrativo,2,40.0,1.0,0,Departamento 4,4,0,0,22800,26315,3515,72,0,0,1,6,10
274,1978-12-25,41,Hombre,1,2015-01-15,2020-10-14,69.96666666666667,5.830555555555556,ESO,1,Casado,1.0,No,Administrativo,2,40.0,1.0,0,Departamento 4,4,0,0,23345,24506,1161,149,0,0,0,10,7
278,1970-05-18,50,Mujer,0,2015-09-20,2020-10-14,61.7,5.141666666666667,ESO,1,Soltero,0.0,No,Administrativo,2,40.0,1.0,0,Departamento 4,4,0,0,18076,25616,7540,371,0,0,0,7,9
295,1956-05-25,64,Hombre,1,2014-11-28,2020-10-14,71.56666666666666,5.963888888888889,ESO,1,Soltero,0.6347517730496454,No,Administrativo,2,40.0,1.0,0,Departamento 4,4,0,0,26405,29511,3106,34,0,0,0,9,10
297,1974-10-06,46,Hombre,1,2016-05-05,2020-10-14,54.1,4.508333333333334,ESO,1,Soltero,0.0,No,Administrativo,2,40.0,1.0,0,Departamento 4,4,0,0,24262,24262,0,24,35,0,0,4,6
299,2000-08-29,20,Mujer,0,2020-04-10,2020-10-14,6.233333333333333,0.5194444444444445,ESO,1,Soltero,0.0,No,Administrativo,2,40.0,1.0,0,Departamento 4,4,1,0,26062,26062,0,70,6,0,1,6,6
301,1967-01-28,53,Mujer,0,2011-10-04,2020-10-14,109.93333333333334,9.161111111111111,Grado Medio,2,Casado,2.0,No,Administrativo,2,40.0,1.0,0,Departamento 4,4,0,0,23828,23828,0,315,6,0,0,4,8
308,2000-12-09,19,Mujer,0,2020-04-16,2020-10-14,6.033333333333333,0.5027777777777778,Grado Medio,2,Soltero,0.0,No,Administrativo,2,40.0,1.0,0,Departamento 4,4,0,0,22911,22911,0,120,6,0,1,6,10
116,1995-09-11,25,Mujer,0,2018-05-25,2020-10-14,29.1,2.4250000000000003,Bachillerato,3,Soltero,0.0,No,Administrativo,2,40.0,1.0,1,Departamento 3,3,0,0,21551,21551,0,69,0,0,0,6,8
79,1988-12-25,31,Hombre,1,2001-04-10,2020-10-14,237.56666666666666,19.79722222222222,Universitaria,5,Soltero,0.0,No,Administrativo,2,24.0,0.6,3,Departamento 3,3,0,0,25886,29758,3872,209,35,0,0,6,9
132,1967-03-20,53,Mujer,0,2018-06-26,2020-10-14,28.033333333333335,2.3361111111111112,Bachillerato,3,Separado,2.0,No,Administrativo,2,40.0,1.0,21,Departamento 3,3,0,0,17850,17850,0,32,0,0,0,6,6
124,1961-11-10,58,Mujer,0,2017-07-20,2020-10-14,39.4,3.283333333333333,Grado Medio,2,Soltero,0.0,No,Administrativo,2,40.0,1.0,48,Departamento 3,3,0,0,23993,23993,0,91,0,0,0,6,6
74,1967-03-19,53,Hombre,1,2015-08-27,2020-10-14,62.5,5.208333333333333,ESO,1,Soltero,0.0,No,Administrativo,2,20.0,0.5,52,Departamento 3,3,0,0,27531,29108,1577,60,50,0,0,9,7
78,1961-05-14,59,Mujer,0,2017-02-23,2020-10-14,44.3,3.6916666666666664,Universitaria,5,Casado,2.0,No,Administrativo,2,40.0,1.0,111,Departamento 3,3,0,1,21031,26747,5716,191,18,0,0,6,10
97,1959-01-01,61,Mujer,0,2007-05-31,2020-10-14,162.83333333333334,13.569444444444445,ESO,1,Soltero,0.6347517730496454,No,Administrativo,2,20.0,0.5,0,Departamento 3,3,0,0,24766,30123,5357,150,12,0,0,10,8
103,1980-11-08,39,Hombre,1,2016-01-11,2020-10-14,57.93333333333333,4.8277777777777775,ESO,1,Separado,2.0,No,Administrativo,2,40.0,1.0,0,Departamento 3,3,1,0,26858,26858,0,367,12,0,0,4,10
109,1971-01-22,49,Mujer,0,2012-11-20,2020-10-14,96.16666666666667,8.01388888888889,Grado Medio,2,Soltero,1.0,No,Administrativo,2,40.0,1.0,0,Departamento 3,3,0,0,22271,22271,0,53,12,0,0,4,9
110,1987-02-23,33,Mujer,0,2015-04-07,2020-10-14,67.23333333333333,5.602777777777778,Bachillerato,3,Soltero,0.0,No,Administrativo,2,40.0,1.0,243,Departamento 3,3,0,0,19838,19838,0,380,12,0,0,7,6
117,1961-02-16,59,Hombre,1,2015-09-06,2020-10-14,62.166666666666664,5.180555555555555,Grado Medio,2,Casado,0.0,No,Administrativo,2,40.0,1.0,0,Departamento 3,3,0,0,24976,24976,0,9,0,0,0,7,10
120,1984-06-15,36,Hombre,1,2006-07-31,2020-10-14,172.96666666666667,14.41388888888889,ESO,1,Soltero,0.0,No,Administrativo,2,40.0,1.0,0,Departamento 3,3,0,0,18129,18129,0,50,0,0,0,5,7
138,1991-09-13,29,Hombre,1,2017-03-20,2020-10-14,43.46666666666667,3.6222222222222222,ESO,1,Soltero,0.0,No,Administrativo,2,30.0,0.75,0,Departamento 3,3,0,0,22477,22477,0,44,0,0,0,7,9
47,1989-12-03,30,Mujer,0,2016-05-15,2020-10-14,53.766666666666666,4.480555555555555,Bachillerato,3,Soltero,0.0,No,Administrativo,2,20.0,0.5,1,Departamento 2,2,0,0,19069,19069,0,41,12,0,0,7,9
41,1958-03-24,62,Mujer,0,2013-09-10,2020-10-14,86.36666666666666,7.197222222222222,Grado Superior,4,Soltero,0.0,No,Administrativo,2,40.0,1.0,5,Departamento 2,2,0,0,25646,29094,3448,36,18,0,0,7,6
63,1976-10-09,44,Hombre,1,2019-01-13,2020-10-14,21.333333333333332,1.7777777777777777,ESO,1,Casado,2.0,No,Administrativo,2,40.0,1.0,69,Departamento 2,2,1,0,17410,17410,0,44,45,0,0,7,8
38,1999-09-03,21,Mujer,0,2020-09-24,2020-10-14,0.6666666666666666,0.05555555555555555,Grado Superior,4,Separado,1.0,No,Administrativo,2,40.0,1.0,242,Departamento 2,2,1,0,21230,21230,0,120,0,0,1,7,10
51,1994-02-16,26,Hombre,1,2014-08-17,2020-10-14,75.0,6.25,Universitaria,5,Soltero,0.6347517730496454,No,Administrativo,2,30.0,0.75,0,Departamento 2,2,0,1,20653,20653,0,34,0,0,0,10,8
57,1982-12-04,37,Hombre,1,2014-05-30,2020-10-14,77.63333333333334,6.469444444444445,ESO,1,Soltero,0.0,No,Administrativo,2,40.0,1.0,0,Departamento 2,2,0,0,22530,22530,0,10,18,0,0,5,10
158,1995-11-20,24,Mujer,0,2017-03-10,2020-10-14,43.8,3.65,Bachillerato,3,Casado,0.0,No,Administrativo,2,28.0,0.7,7,Departamento 1,1,0,0,17630,17630,0,14,0,0,0,9,10
37,1974-12-15,45,Mujer,0,2002-07-28,2020-10-14,221.76666666666668,18.480555555555558,Grado Medio,2,Soltero,0.0,No,Administrativo,2,40.0,1.0,10,Departamento 1,1,0,0,20162,20162,0,444,0,0,0,8,5
16,1978-09-01,42,Hombre,1,2008-08-21,2020-10-14,147.9,12.325000000000001,Universitaria,5,Soltero,0.0,No,Administrativo,2,40.0,1.0,24,Departamento 1,1,0,1,28517,28517,0,43,6,0,0,9,6
1,1995-12-23,24,Hombre,1,2017-06-30,2020-10-14,40.06666666666667,3.338888888888889,ESO,1,Casado,0.0,No,Administrativo,2,40.0,1.0,0,Departamento 1,1,0,1,17112,21573,4461,144,6,0,0,10,10
4,1963-09-05,57,Hombre,1,2014-01-04,2020-10-14,82.5,6.875,Bachillerato,3,Separado,1.0,No,Administrativo,2,35.0,0.875,0,Departamento 1,1,0,0,20731,20731,0,67,6,0,0,7,9
14,1962-07-25,58,Mujer,0,2014-03-07,2020-10-14,80.43333333333334,6.702777777777778,ESO,1,Soltero,0.0,No,Administrativo,2,20.0,0.5,132,Departamento 1,1,0,0,23064,23064,0,14,6,0,0,6,8
23,2000-08-14,20,Mujer,0,2018-10-28,2020-10-14,23.9,1.9916666666666665,Bachillerato,3,Soltero,0.0,No,Administrativo,2,40.0,1.0,431,Departamento 1,1,0,0,28145,28145,0,18,15,0,0,6,10
24,2000-02-13,20,Hombre,1,2016-09-03,2020-10-14,50.06666666666667,4.1722222222222225,Bachillerato,3,Casado,2.0,No,Administrativo,2,40.0,1.0,0,Departamento 1,1,0,0,28134,28134,0,113,15,0,0,8,7
25,1998-01-14,22,Hombre,1,2020-06-15,2020-10-14,4.033333333333333,0.3361111111111111,Bachillerato,3,Casado,1.0,No,Administrativo,2,20.0,0.5,0,Departamento 1,1,1,0,28457,28457,0,49,0,0,1,5,7
30,1985-01-26,35,Mujer,0,2015-03-29,2020-10-14,67.53333333333333,5.627777777777777,Universitaria,5,Soltero,3.0,No,Administrativo,2,40.0,1.0,263,Departamento 1,1,0,1,18308,18308,0,307,0,0,0,4,7
140,1978-05-23,42,Hombre,1,2000-06-28,2020-10-14,247.1,20.591666666666665,Grado Superior,4,Soltero,1.0,No,Administrativo,2,30.0,0.75,0,Departamento 1,1,0,0,25049,25049,0,9,0,0,0,6,9
142,1967-04-28,53,Hombre,1,2018-03-04,2020-10-14,31.833333333333332,2.6527777777777777,Grado Medio,2,Soltero,0.0,No,Administrativo,2,20.0,0.5,0,Departamento 1,1,0,0,18479,18479,0,460,0,0,0,10,5
148,1977-10-03,43,Hombre,1,2001-09-02,2020-10-14,232.73333333333332,19.394444444444442,Universitaria,5,Soltero,2.0,No,Administrativo,2,20.0,0.5,0,Departamento 1,1,0,1,19731,19731,0,67,35,0,0,4,7
153,1973-04-22,47,Hombre,1,2016-12-26,2020-10-14,46.266666666666666,3.8555555555555556,ESO,1,Soltero,0.6347517730496454,No,Administrativo,2,40.0,1.0,0,Departamento 1,1,0,0,18826,18826,0,24,0,0,0,8,10
165,1960-08-26,60,Mujer,0,2014-07-18,2020-10-14,76.0,6.333333333333333,Grado Medio,2,Soltero,0.0,No,Administrativo,2,20.0,0.5,0,Departamento 1,1,0,0,26530,26530,0,68,35,0,0,7,7
167,1957-01-23,63,Hombre,1,2001-08-30,2020-10-14,232.83333333333334,19.40277777777778,Universitaria,5,Soltero,0.6347517730496454,No,Administrativo,2,24.0,0.6,0,Departamento 1,1,0,1,17109,17109,0,18,0,0,0,6,8
168,1977-04-11,43,Hombre,1,2016-08-11,2020-10-14,50.833333333333336,4.236111111111112,Bachillerato,3,Soltero,0.0,No,Administrativo,2,20.0,0.5,0,Departamento 1,1,0,0,18840,18840,0,113,35,0,0,7,7
175,1960-10-27,60,Hombre,1,2018-08-26,2020-10-14,26.0,2.1666666666666665,Universitaria,5,Soltero,0.0,No,Administrativo,2,30.0,0.75,0,Departamento 1,1,0,1,22442,22442,0,240,0,0,0,10,9
180,1964-03-02,56,Mujer,0,2018-01-16,2020-10-14,33.4,2.783333333333333,Bachillerato,3,Soltero,0.0,No,Administrativo,2,24.0,0.6,0,Departamento 1,1,1,0,26436,26436,0,56,35,0,0,7,9
186,1989-01-19,31,Hombre,1,2016-04-17,2020-10-14,54.7,4.558333333333334,Bachillerato,3,Casado,2.0,No,Administrativo,2,40.0,1.0,0,Departamento 1,1,0,0,25191,25191,0,102,0,0,0,10,9
196,1993-08-31,27,Mujer,0,2017-10-27,2020-10-14,36.1,3.0083333333333333,Grado Medio,2,Soltero,0.0,No,Administrativo,2,40.0,1.0,0,Departamento 1,1,0,0,28728,28728,0,27,0,0,0,10,6
203,1972-03-31,48,Mujer,0,2015-01-14,2020-10-14,70.0,5.833333333333333,ESO,1,Casado,2.0,No,Administrativo,2,40.0,1.0,0,Departamento 1,1,0,0,16755,16755,0,432,0,0,0,10,8
205,1956-01-25,64,Hombre,1,2015-11-25,2020-10-14,59.5,4.958333333333333,Grado Medio,2,Casado,1.0,No,Administrativo,2,40.0,1.0,0,Departamento 1,1,0,0,21773,21773,0,144,0,0,0,10,5
212,1967-06-20,53,Mujer,0,2014-08-22,2020-10-14,74.83333333333333,6.236111111111111,ESO,1,Casado,0.0,No,Administrativo,2,20.0,0.5,0,Departamento 1,1,0,0,19160,19160,0,23,0,0,0,6,7
216,1979-07-17,41,Hombre,1,2005-02-06,2020-10-14,190.96666666666667,15.91388888888889,ESO,1,Soltero,1.0,No,Administrativo,2,40.0,1.0,0,Departamento 1,1,0,0,27328,27328,0,240,0,0,0,5,5
220,1976-09-03,44,Hombre,1,2013-11-25,2020-10-14,83.83333333333333,6.986111111111111,Universitaria,5,Soltero,0.0,No,Administrativo,2,20.0,0.5,0,Departamento 1,1,0,0,16925,16925,0,16,0,0,0,6,9
7,1967-11-21,52,Hombre,1,2003-11-18,2020-10-14,205.83333333333334,17.15277777777778,ESO,1,Soltero,0.0,No,Dirección,7,40.0,1.0,0,Dirección,9,0,1,47414,47414,0,34,50,0,0,9,9
21,1973-07-22,47,Hombre,1,2007-08-24,2020-10-14,160.0,13.333333333333334,ESO,1,Soltero,0.6347517730496454,No,Dirección,7,40.0,1.0,0,Dirección,9,0,0,66273,66273,0,68,50,0,0,9,7
27,1978-11-30,41,Hombre,1,2015-09-07,2020-10-14,62.13333333333333,5.177777777777778,Universitaria,5,Separado,2.0,No,Dirección,7,40.0,1.0,0,Dirección,9,0,1,53535,53535,0,90,50,0,0,9,8
48,1968-11-26,51,Hombre,1,2014-04-08,2020-10-14,79.36666666666666,6.613888888888888,Universitaria,5,Separado,1.0,No,Dirección,7,40.0,1.0,0,Dirección,9,0,1,65648,65648,0,7,50,0,0,10,5
104,1972-07-09,48,Mujer,0,2014-10-13,2020-10-14,73.1,6.091666666666666,Universitaria,5,Casado,3.0,No,Dirección,7,40.0,1.0,0,Dirección,9,0,1,46921,46921,0,134,50,0,0,9,9
146,1963-06-12,57,Hombre,1,2006-12-28,2020-10-14,167.96666666666667,13.997222222222222,Universitaria,5,Soltero,0.0,No,Dirección,7,30.0,0.75,0,Dirección,9,0,1,58990,58990,0,36,50,0,0,9,6
174,1973-11-14,46,Mujer,0,2014-04-04,2020-10-14,79.5,6.625,Universitaria,5,Soltero,0.6347517730496454,No,Dirección,7,28.0,0.7,0,Dirección,9,0,1,47978,47978,0,307,50,0,0,9,10
215,1964-10-16,56,Hombre,1,2010-08-14,2020-10-14,123.8,10.316666666666666,Grado Superior,4,Casado,2.0,No,Dirección,7,40.0,1.0,0,Dirección,9,0,0,60996,60996,0,314,50,0,0,9,6
283,1978-10-06,42,Hombre,1,2013-07-20,2020-10-14,88.1,7.341666666666666,Grado Superior,4,Soltero,0.6347517730496454,No,Dirección,7,25.0,0.625,0,Dirección,9,0,1,52958,52958,0,13,50,0,0,9,8
302,1963-06-12,57,Hombre,1,2012-08-05,2020-10-14,99.73333333333333,8.311111111111112,Universitaria,5,Casado,1.0,No,Dirección,7,35.0,0.875,0,Dirección,9,0,0,60942,60942,0,14,50,0,0,9,5
293,1970-07-23,50,Hombre,1,2003-06-05,2020-10-14,211.36666666666667,17.61388888888889,ESO,1,Soltero,0.0,No,Jefe de Área,5,40.0,1.0,0,Departamento 8,8,0,0,37659,37659,0,114,50,0,0,5,10
284,1967-05-18,53,Mujer,0,2004-10-13,2020-10-14,194.83333333333334,16.23611111111111,Grado Medio,2,Soltero,0.0,No,Jefe de Área,5,40.0,1.0,0,Departamento 7,7,0,0,48391,48391,0,9,50,0,0,9,8
282,1995-04-21,25,Hombre,1,2019-12-24,2020-10-14,9.833333333333334,0.8194444444444445,Grado Medio,2,Soltero,0.0,No,Jefe de Área,5,40.0,1.0,0,Departamento 6,6,0,0,46791,46791,0,44,50,0,0,6,5
195,1981-01-30,39,Mujer,0,2016-06-25,2020-10-14,52.4,4.366666666666666,Bachillerato,3,Casado,0.0,No,Jefe de Área,5,40.0,1.0,0,Departamento 5,5,0,0,41237,41237,0,34,50,0,0,5,10
49,1968-09-11,52,Mujer,0,2011-08-17,2020-10-14,111.53333333333333,9.294444444444444,Universitaria,5,Soltero,0.0,No,Jefe de Área,5,40.0,1.0,0,Departamento 4,4,0,1,36322,36322,0,35,50,0,0,7,8
3,1959-03-17,61,Hombre,1,2006-05-22,2020-10-14,175.3,14.608333333333334,Doctorado,6,Soltero,0.0,No,Jefe de Área,5,40.0,1.0,0,Departamento 2,2,0,0,44072,44072,0,138,50,0,0,10,9
2,1970-10-18,50,Mujer,0,2014-01-26,2020-10-14,81.76666666666667,6.813888888888889,Grado Medio,2,Soltero,1.0,No,Jefe de Área,5,40.0,1.0,0,Departamento 1,1,0,0,45970,45970,0,36,50,0,0,10,6
54,1974-11-18,45,Hombre,1,2007-07-19,2020-10-14,161.2,13.433333333333332,ESO,1,Casado,2.0,No,Jefe de Fábrica,6,40.0,1.0,0,Departamento 8,8,0,0,48565,48565,0,42,35,0,0,7,8
72,1977-02-07,43,Hombre,1,2011-02-16,2020-10-14,117.6,9.799999999999999,Bachillerato,3,Soltero,0.6347517730496454,No,Jefe Departamento,4,30.0,0.75,0,Departamento 8,8,0,0,32511,32511,0,240,35,0,0,5,9
108,1988-11-20,31,Mujer,0,2017-02-26,2020-10-14,44.2,3.6833333333333336,Grado Superior,4,Casado,2.0,No,Jefe Departamento,4,40.0,1.0,0,Departamento 8,8,0,0,30670,30670,0,72,35,0,0,10,7
64,1985-06-12,35,Mujer,0,2014-02-17,2020-10-14,81.03333333333333,6.752777777777777,Universitaria,5,Soltero,0.0,No,Jefe Departamento,4,40.0,1.0,0,Departamento 7,7,0,1,30300,30300,0,59,35,0,0,6,10
101,1972-07-17,48,Mujer,0,2016-08-15,2020-10-14,50.7,4.2250000000000005,Grado Superior,4,Casado,1.0,No,Jefe Departamento,4,20.0,0.5,0,Departamento 7,7,0,0,29489,29489,0,37,35,0,0,8,5
56,1990-01-19,30,Mujer,0,2017-03-17,2020-10-14,43.56666666666667,3.630555555555556,Grado Superior,4,Casado,4.0,No,Jefe Departamento,4,40.0,1.0,0,Departamento 6,6,0,0,33726,33726,0,130,35,0,0,6,9
86,1973-02-20,47,Mujer,0,2016-10-27,2020-10-14,48.266666666666666,4.022222222222222,Grado Medio,2,Soltero,0.0,No,Jefe Departamento,4,20.0,0.5,0,Departamento 6,6,0,0,30648,30648,0,264,25,0,0,10,7
55,1989-08-02,31,Mujer,0,2016-03-16,2020-10-14,55.766666666666666,4.647222222222222,Universitaria,5,Casado,0.0,No,Jefe Departamento,4,20.0,0.5,0,Departamento 5,5,0,1,30075,30075,0,64,35,0,0,5,9
133,1993-12-29,26,Mujer,0,2017-11-04,2020-10-14,35.833333333333336,2.986111111111111,Universitaria,5,Separado,3.0,No,Jefe Departamento,4,24.0,0.6,0,Departamento 5,5,1,0,36788,36788,0,85,35,0,0,7,5
53,1956-02-20,64,Mujer,0,2010-08-30,2020-10-14,123.26666666666667,10.272222222222222,Doctorado,6,Casado,1.0,No,Jefe Departamento,4,40.0,1.0,0,Departamento 4,4,0,1,31891,31891,0,207,35,0,0,9,7
42,1970-02-03,50,Hombre,1,2000-07-07,2020-10-14,246.8,20.566666666666666,ESO,1,Soltero,0.0,No,Jefe Departamento,4,40.0,1.0,0,Departamento 3,3,0,0,32416,32416,0,102,35,0,0,10,6
77,1972-06-19,48,Mujer,0,2020-08-19,2020-10-14,1.8666666666666667,0.15555555555555556,Grado Superior,4,Casado,1.0,No,Jefe Departamento,4,24.0,0.6,0,Departamento 3,3,1,0,27860,27860,0,173,25,0,1,10,10
34,1978-09-24,42,Hombre,1,2016-09-02,2020-10-14,50.1,4.175,Doctorado,6,Soltero,0.0,No,Jefe Departamento,4,40.0,1.0,0,Departamento 2,2,0,1,34976,34976,0,48,35,0,0,8,6
9,1956-11-14,63,Hombre,1,2019-04-02,2020-10-14,18.7,1.5583333333333333,Doctorado,6,Soltero,0.0,No,Jefe Departamento,4,40.0,1.0,0,Departamento 1,1,0,1,48548,48548,0,24,35,0,0,6,9
290,1969-08-10,51,Mujer,0,2017-08-14,2020-10-14,38.56666666666667,3.213888888888889,Bachillerato,3,Casado,1.0,No,Operador,1,20.0,0.5,1,Departamento 8,8,0,0,17616,17616,0,36,0,0,0,4,5
294,1995-10-27,24,Mujer,0,2019-08-29,2020-10-14,13.733333333333333,1.1444444444444444,ESO,1,Soltero,0.0,No,Operador,1,30.0,0.75,7,Departamento 8,8,0,0,17099,17099,0,26,0,0,0,7,5
300,1972-01-11,48,Hombre,1,2016-07-15,2020-10-14,51.733333333333334,4.311111111111111,Bachillerato,3,Soltero,0.0,No,Operador,1,40.0,1.0,46,Departamento 8,8,0,0,16953,16953,0,103,6,0,0,7,10
298,1957-09-10,63,Mujer,0,2018-01-22,2020-10-14,33.2,2.766666666666667,Grado Medio,2,Soltero,1.0,No,Operador,1,40.0,1.0,111,Departamento 8,8,0,0,18923,18923,0,48,0,0,0,4,7
289,1956-09-23,64,Hombre,1,2019-07-30,2020-10-14,14.733333333333333,1.2277777777777776,Bachillerato,3,Casado,1.0,No,Operador,1,20.0,0.5,186,Departamento 8,8,0,0,16436,16436,0,144,0,0,0,7,9
292,1998-02-23,22,Mujer,0,2019-07-27,2020-10-14,14.833333333333334,1.2361111111111112,Grado Superior,4,Soltero,0.0,No,Operador,1,40.0,1.0,301,Departamento 8,8,1,0,19908,19908,0,67,0,0,0,10,6
303,1991-01-04,29,Mujer,0,2018-12-30,2020-10-14,21.8,1.8166666666666667,Grado Medio,2,Casado,2.0,No,Operador,1,34.0,0.85,0,Departamento 8,8,0,0,17836,17836,0,96,6,0,0,5,5
304,1975-12-03,44,Mujer,0,2012-06-09,2020-10-14,101.63333333333334,8.469444444444445,ESO,1,Casado,0.0,No,Operador,1,40.0,1.0,0,Departamento 8,8,0,0,16692,16692,0,43,6,0,0,6,5
305,1969-04-21,51,Hombre,1,2015-04-20,2020-10-14,66.8,5.566666666666666,Grado Medio,2,Casado,1.0,No,Operador,1,40.0,1.0,0,Departamento 8,8,0,0,19307,19307,0,199,6,0,0,10,8
306,1960-07-25,60,Hombre,1,2003-05-16,2020-10-14,212.03333333333333,17.669444444444444,Grado Superior,4,Soltero,0.0,No,Operador,1,40.0,1.0,0,Departamento 8,8,0,1,18645,18645,0,54,6,0,0,10,8
307,1974-12-17,45,Hombre,1,2014-11-06,2020-10-14,72.3,6.0249999999999995,ESO,1,Casado,1.0,No,Operador,1,40.0,1.0,0,Departamento 8,8,0,0,16259,16259,0,83,6,0,0,9,6
309,1985-01-23,35,Hombre,1,2016-05-17,2020-10-14,53.7,4.4750000000000005,Bachillerato,3,Casado,2.0,No,Operador,1,40.0,1.0,0,Departamento 8,8,0,0,19053,19053,0,68,6,0,0,7,10
311,1997-08-28,23,Mujer,0,2018-05-05,2020-10-14,29.766666666666666,2.4805555555555556,Universitaria,5,Soltero,0.0,No,Operador,1,40.0,1.0,0,Departamento 8,8,0,0,17586,17586,0,18,6,0,0,4,8
232,1988-04-14,32,Mujer,0,2018-08-23,2020-10-14,26.1,2.1750000000000003,Grado Medio,2,Casado,1.0,No,Operador,1,20.0,0.5,1,Departamento 7,7,0,0,16101,16101,0,38,0,0,0,8,9
235,1986-08-29,34,Mujer,0,2009-03-06,2020-10-14,141.33333333333334,11.777777777777779,ESO,1,Soltero,1.0,No,Operador,1,20.0,0.5,1,Departamento 7,7,0,0,19457,19457,0,75,0,0,0,5,7
246,1994-09-16,26,Hombre,1,2009-11-02,2020-10-14,133.3,11.108333333333334,ESO,1,Soltero,0.0,No,Operador,1,40.0,1.0,15,Departamento 7,7,0,0,19540,19540,0,38,0,0,0,5,6
241,1971-12-16,48,Mujer,0,2020-08-22,2020-10-14,1.7666666666666666,0.14722222222222223,ESO,1,Soltero,0.0,No,Operador,1,40.0,1.0,62,Departamento 7,7,1,0,16621,16621,0,150,0,0,1,9,10
250,1965-12-20,54,Hombre,1,2015-05-14,2020-10-14,66.0,5.5,ESO,1,Casado,1.0,No,Operador,1,40.0,1.0,111,Departamento 7,7,0,0,17922,17922,0,171,0,0,0,6,8
243,1979-01-09,41,Mujer,0,2018-02-06,2020-10-14,32.7,2.725,ESO,1,Soltero,0.0,No,Operador,1,40.0,1.0,374,Departamento 7,7,0,0,18776,18776,0,60,0,0,0,4,8
191,1962-08-11,58,Mujer,0,2014-11-13,2020-10-14,72.06666666666666,6.0055555555555555,ESO,1,Soltero,0.0,No,Operador,1,30.0,0.75,0,Departamento 7,7,0,0,18935,18935,0,41,0,0,0,5,7
192,1960-06-24,60,Hombre,1,2009-08-09,2020-10-14,136.13333333333333,11.344444444444443,Grado Superior,4,Casado,2.0,No,Operador,1,30.0,0.75,0,Departamento 7,7,0,0,19247,19247,0,7,0,0,0,8,5
194,1959-08-06,61,Mujer,0,2015-08-13,2020-10-14,62.96666666666667,5.247222222222223,Grado Superior,4,Soltero,0.0,No,Operador,1,40.0,1.0,0,Departamento 7,7,0,0,16441,16441,0,36,0,0,0,6,6
197,1977-03-24,43,Hombre,1,2016-10-10,2020-10-14,48.833333333333336,4.069444444444445,Grado Medio,2,Soltero,0.0,No,Operador,1,40.0,1.0,0,Departamento 7,7,0,0,18190,18190,0,207,0,0,0,10,9
198,2000-08-22,20,Mujer,0,2017-05-22,2020-10-14,41.36666666666667,3.4472222222222224,ESO,1,Soltero,0.0,No,Operador,1,20.0,0.5,0,Departamento 7,7,0,0,17987,17987,0,42,0,0,0,8,9
199,1999-07-08,21,Hombre,1,2020-06-20,2020-10-14,3.8666666666666667,0.32222222222222224,ESO,1,Soltero,0.6347517730496454,No,Operador,1,20.0,0.5,0,Departamento 7,7,1,0,16106,16106,0,64,0,0,1,7,6
201,1984-09-25,36,Mujer,0,2014-11-23,2020-10-14,71.73333333333333,5.977777777777778,Universitaria,5,Soltero,0.6347517730496454,No,Operador,1,30.0,0.75,0,Departamento 7,7,0,1,16203,16203,0,10,0,0,0,7,10
204,1989-05-20,31,Mujer,0,2020-09-26,2020-10-14,0.6,0.049999999999999996,ESO,1,Soltero,0.0,No,Operador,1,40.0,1.0,0,Departamento 7,7,1,0,16678,16678,0,168,0,0,1,8,10
206,1965-11-21,54,Hombre,1,2014-10-12,2020-10-14,73.13333333333334,6.094444444444445,Grado Superior,4,Casado,1.0,No,Operador,1,20.0,0.5,0,Departamento 7,7,0,0,17357,17357,0,47,0,0,0,6,5
208,1978-02-07,42,Hombre,1,2017-05-24,2020-10-14,41.3,3.4416666666666664,Universitaria,5,Soltero,1.0,No,Operador,1,20.0,0.5,0,Departamento 7,7,0,1,16058,16058,0,59,0,0,0,5,9
209,1991-09-01,29,Hombre,1,2018-11-10,2020-10-14,23.466666666666665,1.9555555555555555,Bachillerato,3,Soltero,0.0,No,Operador,1,20.0,0.5,0,Departamento 7,7,0,0,19750,19750,0,68,0,0,0,7,5
210,1973-01-19,47,Hombre,1,2017-05-22,2020-10-14,41.36666666666667,3.4472222222222224,ESO,1,Soltero,0.0,No,Operador,1,20.0,0.5,0,Departamento 7,7,0,0,18990,18990,0,48,0,0,0,5,7
211,1982-02-09,38,Mujer,0,2020-07-27,2020-10-14,2.6333333333333333,0.21944444444444444,ESO,1,Casado,1.0,No,Operador,1,20.0,0.5,0,Departamento 7,7,1,0,18306,18306,0,18,0,0,1,5,10
213,1970-05-21,50,Hombre,1,2005-07-31,2020-10-14,185.13333333333333,15.427777777777777,Bachillerato,3,Soltero,0.0,No,Operador,1,20.0,0.5,0,Departamento 7,7,0,0,16451,16451,0,49,0,0,0,6,10
217,1980-12-09,39,Mujer,0,2019-09-21,2020-10-14,12.966666666666667,1.0805555555555555,Grado Medio,2,Soltero,0.0,No,Operador,1,20.0,0.5,0,Departamento 7,7,0,0,17640,17640,0,68,0,0,0,6,8
218,1956-10-08,64,Hombre,1,2015-11-13,2020-10-14,59.9,4.991666666666666,ESO,1,Casado,2.0,No,Operador,1,20.0,0.5,0,Departamento 7,7,0,0,16985,16985,0,60,0,0,0,10,8
219,1977-02-06,43,Hombre,1,2018-07-19,2020-10-14,27.266666666666666,2.272222222222222,ESO,1,Separado,1.0,No,Operador,1,40.0,1.0,0,Departamento 7,7,0,0,17790,17790,0,85,0,0,0,10,6
221,1991-05-13,29,Mujer,0,2015-07-27,2020-10-14,63.53333333333333,5.294444444444444,Universitaria,5,Casado,2.0,No,Operador,1,20.0,0.5,0,Departamento 7,7,0,0,16235,16235,0,173,0,0,0,5,6
222,1979-05-21,41,Hombre,1,2014-11-06,2020-10-14,72.3,6.0249999999999995,Grado Superior,4,Casado,2.0,No,Operador,1,20.0,0.5,0,Departamento 7,7,0,0,18406,18406,0,191,0,0,0,7,8
224,1980-08-17,40,Mujer,0,2014-11-05,2020-10-14,72.33333333333333,6.027777777777778,ESO,1,Soltero,0.0,No,Operador,1,30.0,0.75,0,Departamento 7,7,0,0,19187,19187,0,38,0,0,0,7,8
225,1966-09-30,54,Mujer,0,2000-12-11,2020-10-14,241.56666666666666,20.130555555555556,Universitaria,5,Soltero,0.0,No,Operador,1,20.0,0.5,0,Departamento 7,7,0,0,17695,17695,0,6,0,0,0,5,9
227,1969-05-30,51,Hombre,1,2001-03-26,2020-10-14,238.06666666666666,19.83888888888889,Universitaria,5,Soltero,0.0,No,Operador,1,30.0,0.75,0,Departamento 7,7,0,0,19610,19610,0,175,0,0,0,9,9
228,1976-07-21,44,Hombre,1,2002-07-23,2020-10-14,221.93333333333334,18.494444444444444,Universitaria,5,Soltero,0.0,No,Operador,1,20.0,0.5,0,Departamento 7,7,1,0,16829,16829,0,87,0,0,0,8,6
230,1964-10-29,55,Hombre,1,2004-09-19,2020-10-14,195.63333333333333,16.302777777777777,Grado Medio,2,Casado,2.0,No,Operador,1,30.0,0.75,255,Departamento 7,7,0,0,18202,18202,0,264,0,0,0,10,10
231,1992-09-10,28,Mujer,0,2019-07-06,2020-10-14,15.533333333333333,1.2944444444444445,Grado Medio,2,Soltero,0.6347517730496454,No,Operador,1,20.0,0.5,281,Departamento 7,7,0,0,17387,17387,0,252,0,0,0,10,8
237,1987-06-30,33,Mujer,0,2014-11-30,2020-10-14,71.5,5.958333333333333,Bachillerato,3,Separado,2.0,No,Operador,1,30.0,0.75,172,Departamento 7,7,0,0,16169,16169,0,126,0,0,0,7,8
251,1996-07-21,24,Mujer,0,2020-06-16,2020-10-14,4.0,0.3333333333333333,ESO,1,Casado,0.0,No,Operador,1,40.0,1.0,0,Departamento 7,7,1,0,19281,19281,0,29,0,0,1,6,9
253,1986-11-20,33,Mujer,0,2020-08-29,2020-10-14,1.5333333333333334,0.1277777777777778,ESO,1,Soltero,0.0,No,Operador,1,40.0,1.0,0,Departamento 7,7,1,0,16374,16374,0,53,0,0,1,4,6
254,1986-03-08,34,Mujer,0,2015-01-22,2020-10-14,69.73333333333333,5.811111111111111,Grado Superior,4,Soltero,0.0,No,Operador,1,40.0,1.0,0,Departamento 7,7,0,0,16874,16874,0,380,0,0,0,4,9
256,1972-10-12,48,Hombre,1,2016-03-22,2020-10-14,55.56666666666667,4.6305555555555555,Grado Superior,4,Soltero,0.0,No,Operador,1,25.0,0.625,0,Departamento 7,7,0,0,16037,16037,0,13,0,0,0,4,10
257,1962-01-24,58,Hombre,1,2016-01-21,2020-10-14,57.6,4.8,Bachillerato,3,Soltero,0.0,No,Operador,1,40.0,1.0,0,Departamento 7,7,0,0,18163,18163,0,180,0,0,0,9,10
258,1992-11-11,27,Mujer,0,2014-03-08,2020-10-14,80.4,6.7,Grado Medio,2,Soltero,0.0,No,Operador,1,40.0,1.0,0,Departamento 7,7,0,0,17070,17070,0,49,0,0,0,8,8
259,1968-03-28,52,Hombre,1,2000-11-24,2020-10-14,242.13333333333333,20.177777777777777,ESO,1,Soltero,0.0,No,Operador,1,20.0,0.5,0,Departamento 7,7,0,0,16222,16222,0,156,0,0,0,5,9
260,1982-02-24,38,Mujer,0,2016-06-13,2020-10-14,52.8,4.3999999999999995,Grado Superior,4,Soltero,0.0,No,Operador,1,30.0,0.75,0,Departamento 7,7,0,0,19988,19988,0,69,0,0,0,9,6
261,1975-06-24,45,Mujer,0,2002-08-07,2020-10-14,221.43333333333334,18.45277777777778,Bachillerato,3,Soltero,0.0,No,Operador,1,30.0,0.75,0,Departamento 7,7,0,0,19299,19299,0,9,0,0,0,9,8
263,1960-03-25,60,Hombre,1,2010-08-23,2020-10-14,123.5,10.291666666666666,Bachillerato,3,Soltero,0.6347517730496454,No,Operador,1,20.0,0.5,0,Departamento 7,7,0,0,17710,17710,0,47,0,0,0,5,6
264,1962-09-29,58,Hombre,1,2018-09-25,2020-10-14,25.0,2.0833333333333335,ESO,1,Soltero,0.0,No,Operador,1,30.0,0.75,0,Departamento 7,7,0,0,18322,18322,0,50,0,0,0,10,8
265,1958-02-28,62,Hombre,1,2012-04-07,2020-10-14,103.73333333333333,8.644444444444444,Universitaria,5,Soltero,1.0,No,Operador,1,40.0,1.0,0,Departamento 7,7,0,0,19392,19392,0,69,0,0,0,10,9
266,1967-04-04,53,Hombre,1,2011-06-17,2020-10-14,113.56666666666666,9.463888888888889,ESO,1,Soltero,0.0,No,Operador,1,40.0,1.0,0,Departamento 7,7,0,0,16173,16173,0,258,0,0,0,9,6
267,1979-04-21,41,Mujer,0,2010-03-10,2020-10-14,129.03333333333333,10.752777777777778,ESO,1,Soltero,0.0,No,Operador,1,30.0,0.75,0,Departamento 7,7,1,0,18914,18914,0,284,0,0,0,6,6
269,1988-07-27,32,Mujer,0,2014-12-15,2020-10-14,71.0,5.916666666666667,Grado Medio,2,Casado,1.0,No,Operador,1,40.0,1.0,0,Departamento 7,7,0,0,17612,17612,0,216,0,0,0,6,6
276,1986-06-29,34,Hombre,1,2015-03-24,2020-10-14,67.7,5.641666666666667,Grado Medio,2,Casado,2.0,No,Operador,1,34.0,0.85,0,Departamento 7,7,0,0,18960,18960,0,32,0,0,0,7,10
277,1983-11-05,36,Mujer,0,2017-04-12,2020-10-14,42.7,3.5583333333333336,Bachillerato,3,Soltero,0.0,No,Operador,1,40.0,1.0,0,Departamento 7,7,0,0,16189,16189,0,85,0,0,0,10,8
279,1960-11-26,59,Mujer,0,2005-06-12,2020-10-14,186.76666666666668,15.56388888888889,ESO,1,Casado,0.0,No,Operador,1,40.0,1.0,0,Departamento 7,7,1,0,19934,19934,0,3,0,0,0,9,9
280,1978-10-06,42,Hombre,1,2016-06-12,2020-10-14,52.833333333333336,4.402777777777778,Grado Medio,2,Soltero,0.0,No,Operador,1,40.0,1.0,0,Departamento 7,7,0,0,18913,18913,0,62,0,0,0,4,6
281,1970-06-13,50,Hombre,1,2015-01-05,2020-10-14,70.3,5.858333333333333,Grado Medio,2,Soltero,0.0,No,Operador,1,40.0,1.0,0,Departamento 7,7,0,0,18429,18429,0,52,0,0,0,8,6
287,1981-10-22,39,Mujer,0,2003-09-16,2020-10-14,207.93333333333334,17.32777777777778,ESO,1,Casado,2.0,No,Operador,1,30.0,0.75,0,Departamento 7,7,0,0,19936,19936,0,221,0,0,0,6,10
150,1991-07-12,29,Mujer,0,2006-09-13,2020-10-14,171.5,14.291666666666666,Bachillerato,3,Soltero,0.0,No,Operador,1,20.0,0.5,1,Departamento 6,6,0,0,16243,16243,0,26,0,0,0,8,9
154,1971-02-17,49,Mujer,0,2013-03-04,2020-10-14,92.7,7.7250000000000005,Grado Medio,2,Soltero,0.0,No,Operador,1,35.0,0.875,1,Departamento 6,6,0,0,17791,17791,0,48,0,0,0,5,8
126,1971-01-02,49,Hombre,1,2016-11-25,2020-10-14,47.3,3.9416666666666664,ESO,1,Soltero,0.0,No,Operador,1,40.0,1.0,2,Departamento 6,6,0,0,19316,19316,0,108,0,0,0,9,7
145,1967-12-31,52,Hombre,1,2005-09-01,2020-10-14,184.06666666666666,15.338888888888889,ESO,1,Soltero,0.0,No,Operador,1,26.0,0.65,2,Departamento 6,6,0,0,16065,16065,0,144,0,0,0,9,5
151,1989-10-02,31,Hombre,1,2007-04-23,2020-10-14,164.1,13.674999999999999,Grado Medio,2,Soltero,0.0,No,Operador,1,20.0,0.5,3,Departamento 6,6,0,0,19035,19035,0,34,0,0,0,9,8
147,1980-05-12,40,Hombre,1,2016-12-29,2020-10-14,46.166666666666664,3.847222222222222,Universitaria,5,Soltero,0.0,No,Operador,1,20.0,0.5,4,Departamento 6,6,0,1,16656,16656,0,138,0,0,0,9,10
141,1967-06-11,53,Mujer,0,2010-10-20,2020-10-14,121.56666666666666,10.130555555555555,Universitaria,5,Casado,1.0,No,Operador,1,26.0,0.65,7,Departamento 6,6,0,1,16390,16390,0,29,0,0,0,5,5
149,1998-09-14,22,Hombre,1,2020-03-31,2020-10-14,6.566666666666666,0.5472222222222222,ESO,1,Casado,0.0,No,Operador,1,20.0,0.5,7,Departamento 6,6,0,0,19073,19073,0,114,0,0,1,9,5
155,1997-09-19,23,Mujer,0,2018-10-28,2020-10-14,23.9,1.9916666666666665,Bachillerato,3,Soltero,1.0,No,Operador,1,30.0,0.75,18,Departamento 6,6,0,0,18015,18015,0,70,0,0,0,8,10
144,1986-06-04,34,Mujer,0,2015-11-16,2020-10-14,59.8,4.983333333333333,Grado Superior,4,Casado,0.0,No,Operador,1,30.0,0.75,32,Departamento 6,6,0,0,17191,17191,0,199,0,0,0,8,5
127,1982-12-08,37,Hombre,1,2016-04-09,2020-10-14,54.96666666666667,4.580555555555556,Grado Superior,4,Soltero,1.0,No,Operador,1,24.0,0.6,351,Departamento 6,6,1,0,17532,17532,0,64,0,0,0,9,8
129,1961-07-02,59,Hombre,1,2005-03-28,2020-10-14,189.3,15.775,ESO,1,Soltero,0.0,No,Operador,1,40.0,1.0,152,Departamento 6,6,0,0,18475,18475,0,72,0,0,0,4,6
130,1974-01-23,46,Mujer,0,2020-01-19,2020-10-14,8.966666666666667,0.7472222222222222,ESO,1,Soltero,0.0,No,Operador,1,40.0,1.0,0,Departamento 6,6,0,0,16736,16736,0,149,0,0,1,5,10
136,1959-08-16,61,Mujer,0,2005-02-04,2020-10-14,191.03333333333333,15.919444444444444,Grado Superior,4,Casado,1.0,No,Operador,1,24.0,0.6,0,Departamento 6,6,0,0,18150,18150,0,62,0,0,0,5,6
137,1970-12-17,49,Mujer,0,2015-03-31,2020-10-14,67.46666666666667,5.622222222222223,ESO,1,Casado,2.0,No,Operador,1,30.0,0.75,0,Departamento 6,6,0,0,16027,16027,0,52,0,0,0,9,10
139,1991-08-21,29,Hombre,1,2005-08-04,2020-10-14,185.0,15.416666666666666,Grado Superior,4,Casado,1.0,No,Operador,1,40.0,1.0,0,Departamento 6,6,0,0,16362,16362,0,13,0,0,0,9,7
143,1977-01-20,43,Hombre,1,2014-05-02,2020-10-14,78.56666666666666,6.547222222222222,ESO,1,Soltero,0.0,No,Operador,1,40.0,1.0,202,Departamento 6,6,0,0,17285,17285,0,221,0,0,0,7,8
156,1983-10-27,36,Mujer,0,2014-01-05,2020-10-14,82.46666666666667,6.872222222222223,ESO,1,Soltero,0.0,No,Operador,1,20.0,0.5,0,Departamento 6,6,0,0,16083,16083,0,103,0,0,0,6,8
157,1997-11-24,22,Hombre,1,2018-03-29,2020-10-14,31.0,2.5833333333333335,ESO,1,Soltero,0.6347517730496454,No,Operador,1,28.0,0.7,0,Departamento 6,6,0,0,17630,17630,0,315,0,0,0,10,10
160,2001-08-06,19,Hombre,1,2020-06-05,2020-10-14,4.366666666666666,0.3638888888888889,ESO,1,Soltero,0.0,No,Operador,1,20.0,0.5,0,Departamento 6,6,1,0,17364,17364,0,43,0,0,1,10,5
162,1991-10-05,29,Mujer,0,2018-07-31,2020-10-14,26.866666666666667,2.238888888888889,Bachillerato,3,Soltero,0.0,No,Operador,1,20.0,0.5,0,Departamento 6,6,0,0,19084,19084,0,54,0,0,0,10,7
164,1987-08-19,33,Hombre,1,2006-10-19,2020-10-14,170.3,14.191666666666668,Bachillerato,3,Soltero,0.6347517730496454,No,Operador,1,24.0,0.6,0,Departamento 6,6,0,0,18649,18649,0,120,0,0,0,10,8
166,1970-01-19,50,Hombre,1,2017-09-02,2020-10-14,37.93333333333333,3.161111111111111,Grado Superior,4,Soltero,0.6347517730496454,No,Operador,1,32.55483870967742,0.0,0,Departamento 6,6,0,0,17616,17616,0,175,0,0,0,5,10
170,1957-06-30,63,Mujer,0,2014-09-02,2020-10-14,74.46666666666667,6.205555555555556,Bachillerato,3,Soltero,0.0,No,Operador,1,24.0,0.6,0,Departamento 6,6,0,0,16709,16709,0,46,0,0,0,7,6
171,1990-10-28,29,Hombre,1,2015-08-02,2020-10-14,63.333333333333336,5.277777777777778,ESO,1,Soltero,0.0,No,Operador,1,24.0,0.6,0,Departamento 6,6,0,0,17418,17418,0,90,12,0,0,4,9
172,1970-07-09,50,Mujer,0,2008-02-06,2020-10-14,154.46666666666667,12.872222222222222,ESO,1,Soltero,0.0,No,Operador,1,28.0,0.7,0,Departamento 6,6,0,0,18463,18463,0,46,12,0,0,8,8
173,1961-03-01,59,Hombre,1,2014-05-14,2020-10-14,78.16666666666667,6.513888888888889,Grado Superior,4,Soltero,0.0,No,Operador,1,28.0,0.7,0,Departamento 6,6,0,0,19946,19946,0,50,18,0,0,8,8
176,1981-12-11,38,Mujer,0,2014-07-14,2020-10-14,76.13333333333334,6.344444444444445,Grado Medio,2,Soltero,0.0,No,Operador,1,30.0,0.75,0,Departamento 6,6,0,0,16904,16904,0,93,0,0,0,7,10
177,2001-11-05,18,Mujer,0,2020-03-24,2020-10-14,6.8,0.5666666666666667,ESO,1,Soltero,0.0,No,Operador,1,30.0,0.75,0,Departamento 6,6,0,0,18920,18920,0,59,0,0,1,4,6
178,1985-11-19,34,Mujer,0,2018-09-10,2020-10-14,25.5,2.125,ESO,1,Soltero,0.6347517730496454,No,Operador,1,20.0,0.5,0,Departamento 6,6,0,0,16675,16675,0,48,0,0,0,4,5
179,1987-10-28,32,Hombre,1,2016-12-05,2020-10-14,46.96666666666667,3.913888888888889,Universitaria,5,Soltero,0.6347517730496454,No,Operador,1,24.0,0.6,0,Departamento 6,6,0,1,16793,16793,0,40,0,0,0,7,9
181,1970-10-05,50,Hombre,1,2014-12-23,2020-10-14,70.73333333333333,5.894444444444445,ESO,1,Soltero,1.0,No,Operador,1,24.0,0.6,0,Departamento 6,6,0,0,19483,19483,0,444,0,0,0,9,9
184,1975-10-01,45,Hombre,1,2012-03-20,2020-10-14,104.33333333333333,8.694444444444445,Grado Superior,4,Casado,2.0,0.33,Operador,1,40.0,1.0,0,Departamento 6,6,0,0,16206,16206,0,78,0,0,0,6,5
185,1985-06-16,35,Hombre,1,2017-06-27,2020-10-14,40.166666666666664,3.347222222222222,Grado Superior,4,Casado,1.0,0.33,Operador,1,30.0,0.75,0,Departamento 6,6,0,0,17113,17113,0,36,0,0,0,7,9
187,1988-03-23,32,Hombre,1,2020-05-25,2020-10-14,4.733333333333333,0.39444444444444443,ESO,1,Casado,0.0,No,Operador,1,40.0,1.0,0,Departamento 6,6,1,0,19680,19680,0,36,0,0,1,9,6
188,1999-02-26,21,Mujer,0,2018-01-03,2020-10-14,33.833333333333336,2.8194444444444446,ESO,1,Casado,1.0,No,Operador,1,40.0,1.0,0,Departamento 6,6,0,0,16644,16644,0,22,0,0,0,6,9
189,1985-11-17,34,Mujer,0,2020-08-11,2020-10-14,2.1333333333333333,0.17777777777777778,Grado Medio,2,Soltero,0.0,No,Operador,1,40.0,1.0,0,Departamento 6,6,1,0,16046,16046,0,32,0,0,1,8,9
26,1960-05-26,60,Hombre,1,2006-11-24,2020-10-14,169.1,14.091666666666667,ESO,1,Casado,2.0,No,Operador,1,20.0,0.5,1,Departamento 5,5,0,0,17328,17328,0,46,15,0,0,4,6
28,1975-07-10,45,Mujer,0,2011-10-02,2020-10-14,110.0,9.166666666666666,ESO,1,Soltero,0.0,No,Operador,1,20.0,0.5,1,Departamento 5,5,0,0,19474,19474,0,46,0,0,0,10,6
112,1960-11-01,59,Mujer,0,2016-06-29,2020-10-14,52.266666666666666,4.355555555555555,Bachillerato,3,Soltero,0.0,No,Operador,1,40.0,1.0,2,Departamento 5,5,0,0,16774,16774,0,13,12,0,0,9,8
22,1985-08-19,35,Hombre,1,2015-03-13,2020-10-14,68.06666666666666,5.672222222222222,Universitaria,5,Soltero,0.6347517730496454,No,Operador,1,30.0,0.75,3,Departamento 5,5,0,1,19035,19035,0,175,0,0,0,6,9
35,2001-10-13,19,Hombre,1,2020-03-03,2020-10-14,7.5,0.625,Grado Medio,2,Separado,2.0,No,Operador,1,40.0,1.0,3,Departamento 5,5,0,0,18584,18584,0,40,0,0,1,9,5
107,1966-01-09,54,Hombre,1,2015-01-05,2020-10-14,70.3,5.858333333333333,Grado Medio,2,Soltero,0.0,No,Operador,1,20.0,0.5,3,Departamento 5,5,0,0,19596,19596,0,29,12,0,0,6,5
6,1967-05-05,53,Mujer,0,2017-08-30,2020-10-14,38.03333333333333,3.1694444444444443,Grado Superior,4,Casado,1.0,No,Operador,1,40.0,1.0,4,Departamento 5,5,0,0,16360,16360,0,26,0,0,0,10,5
33,1956-04-11,64,Hombre,1,2000-01-14,2020-10-14,252.63333333333333,21.052777777777777,Universitaria,5,Soltero,0.0,No,Operador,1,40.0,1.0,4,Departamento 5,5,0,1,18968,18968,0,59,0,0,0,8,7
80,1966-06-09,54,Mujer,0,2018-01-20,2020-10-14,33.266666666666666,2.772222222222222,Universitaria,5,Casado,2.0,No,Operador,1,40.0,1.0,4,Departamento 5,5,0,0,19854,19854,0,38,18,0,0,8,9
75,1997-03-24,23,Hombre,1,2017-04-13,2020-10-14,42.666666666666664,3.5555555555555554,ESO,1,Casado,1.0,No,Operador,1,20.0,0.5,5,Departamento 5,5,0,0,18205,18205,0,85,0,0,0,7,10
10,1967-12-04,52,Hombre,1,2014-02-17,2020-10-14,81.03333333333333,6.752777777777777,Bachillerato,3,Casado,1.0,No,Operador,1,20.0,0.5,6,Departamento 5,5,0,0,16397,16397,0,48,6,0,0,4,6
111,1993-06-16,27,Mujer,0,2017-06-08,2020-10-14,40.8,3.4,ESO,1,Casado,2.0,No,Operador,1,40.0,1.0,10,Departamento 5,5,0,0,16885,16885,0,33,12,0,0,4,5
71,1977-08-29,43,Hombre,1,2015-05-24,2020-10-14,65.66666666666667,5.472222222222222,Grado Medio,2,Soltero,0.0,No,Operador,1,24.0,0.6,11,Departamento 5,5,1,0,18015,18015,0,314,18,0,0,5,9
8,1993-04-07,27,Mujer,0,2017-05-15,2020-10-14,41.6,3.466666666666667,ESO,1,Casado,1.0,No,Operador,1,40.0,1.0,16,Departamento 5,5,0,0,19365,19365,0,66,6,0,0,9,6
106,1998-03-31,22,Hombre,1,2020-01-04,2020-10-14,9.466666666666667,0.7888888888888889,ESO,1,Casado,2.0,No,Operador,1,20.0,0.5,22,Departamento 5,5,0,0,17021,17021,0,171,12,0,1,9,7
81,1971-05-17,49,Mujer,0,2014-11-10,2020-10-14,72.16666666666667,6.013888888888889,Universitaria,5,Casado,2.0,No,Operador,1,40.0,1.0,29,Departamento 5,5,0,0,16191,16191,0,6,18,0,0,4,7
65,1972-12-13,47,Mujer,0,2016-12-21,2020-10-14,46.43333333333333,3.869444444444444,Grado Medio,2,Casado,2.0,No,Operador,1,24.0,0.6,31,Departamento 5,5,1,0,18085,18085,0,68,0,0,0,4,9
12,2001-10-08,19,Mujer,0,2020-01-21,2020-10-14,8.9,0.7416666666666667,ESO,1,Casado,0.0,No,Operador,1,40.0,1.0,35,Departamento 5,5,1,0,16661,16661,0,103,6,0,1,5,5
125,1958-04-16,62,Hombre,1,2014-06-28,2020-10-14,76.66666666666667,6.388888888888889,ESO,1,Separado,1.0,0.68,Operador,1,40.0,1.0,45,Departamento 5,5,0,0,17122,17122,0,216,0,0,0,5,9
66,1966-05-24,54,Mujer,0,2015-06-23,2020-10-14,64.66666666666667,5.388888888888889,Grado Medio,2,Soltero,0.0,No,Operador,1,40.0,1.0,55,Departamento 5,5,0,0,16976,16976,0,48,18,0,0,4,9
19,1973-01-02,47,Mujer,0,2003-04-19,2020-10-14,212.93333333333334,17.744444444444444,Universitaria,5,Soltero,0.6347517730496454,No,Operador,1,30.0,0.75,72,Departamento 5,5,0,1,18048,18048,0,83,6,0,0,6,7
70,1962-01-01,58,Mujer,0,2000-02-14,2020-10-14,251.6,20.966666666666665,ESO,1,Separado,3.0,No,Operador,1,30.0,0.75,101,Departamento 5,5,0,0,16530,16530,0,151,18,0,0,9,10
62,1993-03-02,27,Mujer,0,2017-10-03,2020-10-14,36.9,3.0749999999999997,ESO,1,Casado,1.0,No,Operador,1,40.0,1.0,105,Departamento 5,5,0,0,19492,19492,0,47,18,0,0,8,9
20,1966-05-01,54,Hombre,1,2014-12-03,2020-10-14,71.4,5.95,Bachillerato,3,Soltero,0.6347517730496454,No,Operador,1,30.0,0.75,111,Departamento 5,5,0,0,18121,18121,0,120,6,0,0,8,9
15,1998-08-06,22,Mujer,0,2019-11-23,2020-10-14,10.866666666666667,0.9055555555555556,Universitaria,5,Soltero,1.0,No,Operador,1,40.0,1.0,115,Departamento 5,5,0,1,17682,17682,0,96,6,0,0,7,9
11,1956-08-30,64,Mujer,0,2016-07-05,2020-10-14,52.06666666666667,4.3388888888888895,Bachillerato,3,Casado,0.0,No,Operador,1,40.0,1.0,132,Departamento 5,5,0,0,18677,18677,0,70,6,0,0,9,10
13,1963-07-31,57,Hombre,1,2001-07-09,2020-10-14,234.56666666666666,19.54722222222222,ESO,1,Casado,2.0,No,Operador,1,20.0,0.5,181,Departamento 5,5,0,0,19037,19037,0,315,6,0,0,5,7
39,1963-03-28,57,Mujer,0,2019-05-18,2020-10-14,17.166666666666668,1.4305555555555556,Universitaria,5,Casado,0.0,No,Operador,1,20.0,0.5,0,Departamento 5,5,0,1,18380,18380,0,5,0,0,0,8,8
40,1963-10-10,57,Mujer,0,2016-11-03,2020-10-14,48.03333333333333,4.002777777777777,Bachillerato,3,Soltero,0.0,No,Operador,1,40.0,1.0,0,Departamento 5,5,0,0,16743,16743,0,78,0,0,0,6,6
43,2001-10-18,19,Mujer,0,2020-03-04,2020-10-14,7.466666666666667,0.6222222222222222,Grado Medio,2,Casado,0.0,No,Operador,1,20.0,0.5,0,Departamento 5,5,1,0,18351,18351,0,36,0,0,1,5,9
44,1985-09-15,35,Mujer,0,2014-05-25,2020-10-14,77.8,6.483333333333333,Grado Medio,2,Soltero,0.0,No,Operador,1,40.0,1.0,0,Departamento 5,5,0,0,18805,18805,0,22,0,0,0,10,6
46,2001-04-26,19,Mujer,0,2020-05-11,2020-10-14,5.2,0.43333333333333335,Bachillerato,3,Soltero,0.0,No,Operador,1,40.0,1.0,0,Departamento 5,5,0,0,18679,18679,0,48,0,0,1,4,7
52,1998-09-01,22,Hombre,1,2019-03-13,2020-10-14,19.366666666666667,1.613888888888889,Universitaria,5,Soltero,0.0,No,Operador,1,30.0,0.75,0,Departamento 5,5,0,1,18539,18539,0,27,0,0,0,7,9
58,1993-10-23,26,Mujer,0,2016-08-08,2020-10-14,50.93333333333333,4.2444444444444445,ESO,1,Separado,2.0,No,Operador,1,40.0,1.0,0,Departamento 5,5,0,0,18613,18613,0,8,18,0,0,8,6
73,1958-12-18,61,Hombre,1,2000-05-16,2020-10-14,248.53333333333333,20.711111111111112,Bachillerato,3,Soltero,0.0,No,Operador,1,24.0,0.6,83,Departamento 5,5,0,0,16736,16736,0,68,0,0,0,4,8
82,1964-06-16,56,Mujer,0,2020-05-06,2020-10-14,5.366666666666666,0.4472222222222222,ESO,1,Casado,3.0,No,Operador,1,40.0,1.0,0,Departamento 5,5,1,0,19184,19184,0,22,18,0,1,6,10
83,1969-04-21,51,Mujer,0,2014-05-04,2020-10-14,78.5,6.541666666666667,Grado Superior,4,Soltero,0.0,No,Operador,1,40.0,1.0,0,Departamento 5,5,0,0,17497,17497,0,175,18,0,0,7,6
84,1981-07-14,39,Hombre,1,2003-06-10,2020-10-14,211.2,17.599999999999998,Bachillerato,3,Casado,2.0,No,Operador,1,30.0,0.75,0,Departamento 5,5,0,0,16029,16029,0,87,0,0,0,10,9
88,1956-11-14,63,Hombre,1,2020-06-14,2020-10-14,4.066666666666666,0.33888888888888885,ESO,1,Soltero,0.0,No,Operador,1,20.0,0.5,0,Departamento 5,5,0,0,19442,19442,0,38,12,0,1,6,7
90,1985-12-18,34,Hombre,1,2005-06-12,2020-10-14,186.76666666666668,15.56388888888889,Universitaria,5,Soltero,1.0,No,Operador,1,20.0,0.5,0,Departamento 5,5,0,1,17687,17687,0,359,12,0,0,7,5
91,1970-12-30,49,Mujer,0,2004-05-05,2020-10-14,200.2,16.683333333333334,Grado Medio,2,Soltero,0.0,No,Operador,1,40.0,1.0,0,Departamento 5,5,1,0,19110,19110,0,75,6,0,0,4,10
92,1996-03-25,24,Mujer,0,2014-03-11,2020-10-14,80.3,6.691666666666666,ESO,1,Soltero,0.0,No,Operador,1,40.0,1.0,0,Departamento 5,5,0,0,19793,19793,0,143,12,0,0,5,8
94,1992-05-29,28,Mujer,0,2015-04-03,2020-10-14,67.36666666666666,5.613888888888888,Universitaria,5,Casado,1.0,No,Operador,1,20.0,0.5,0,Departamento 5,5,0,1,16842,16842,0,451,12,0,0,10,6
96,1980-08-03,40,Mujer,0,2000-08-03,2020-10-14,245.9,20.491666666666667,ESO,1,Soltero,0.6347517730496454,No,Operador,1,20.0,0.5,0,Departamento 5,5,1,0,17411,17411,0,56,12,0,0,10,5
100,1989-10-26,30,Mujer,0,2016-09-13,2020-10-14,49.733333333333334,4.144444444444445,Bachillerato,3,Soltero,0.0,No,Operador,1,40.0,1.0,0,Departamento 5,5,0,0,16763,16763,0,25,12,0,0,7,9
102,1999-01-08,21,Hombre,1,2020-07-01,2020-10-14,3.5,0.2916666666666667,Universitaria,5,Soltero,0.0,No,Operador,1,40.0,1.0,0,Departamento 5,5,1,0,19593,19593,0,38,12,0,1,6,7
113,1996-05-19,24,Mujer,0,2018-10-11,2020-10-14,24.466666666666665,2.0388888888888888,Bachillerato,3,Casado,2.0,No,Operador,1,40.0,1.0,0,Departamento 5,5,0,0,18909,18909,0,180,12,0,0,9,7
114,1983-04-19,37,Hombre,1,2017-04-23,2020-10-14,42.333333333333336,3.527777777777778,ESO,1,Soltero,0.0,No,Operador,1,40.0,1.0,0,Departamento 5,5,0,0,16155,16155,0,49,12,0,0,8,6
118,1961-03-01,59,Mujer,0,2016-08-18,2020-10-14,50.6,4.216666666666667,Universitaria,5,Soltero,0.0,No,Operador,1,40.0,1.0,0,Departamento 5,5,0,1,18064,18064,0,150,0,0,0,9,9
121,1965-06-14,55,Mujer,0,2016-10-28,2020-10-14,48.233333333333334,4.019444444444445,ESO,1,Separado,1.0,No,Operador,1,40.0,1.0,0,Departamento 5,5,0,0,18076,18076,0,69,0,0,0,9,7
122,1981-11-17,38,Hombre,1,2016-01-07,2020-10-14,58.06666666666667,4.8388888888888895,Grado Medio,2,Soltero,0.0,No,Operador,1,40.0,1.0,0,Departamento 5,5,0,0,18507,18507,0,258,6,0,0,9,8
36,1992-06-01,28,Hombre,1,2016-10-07,2020-10-14,48.93333333333333,4.0777777777777775,Grado Superior,4,Soltero,0.0,No,Supervisor,3,40.0,1.0,0,Departamento 8,8,0,0,20485,20485,0,56,6,0,0,4,10
60,1960-08-18,60,Mujer,0,2004-07-13,2020-10-14,197.9,16.491666666666667,Grado Medio,2,Casado,0.0,No,Supervisor,3,30.0,0.75,0,Departamento 8,8,0,0,23667,23667,0,168,18,0,0,9,9
249,1979-04-08,41,Hombre,1,2002-05-03,2020-10-14,224.63333333333333,18.719444444444445,Bachillerato,3,Casado,1.0,No,Supervisor,3,34.0,0.85,0,Departamento 8,8,0,0,23753,23753,0,438,0,0,0,10,5
268,1982-09-19,38,Hombre,1,2016-09-09,2020-10-14,49.86666666666667,4.155555555555556,ESO,1,Casado,2.0,No,Supervisor,3,40.0,1.0,0,Departamento 8,8,0,0,20953,20953,0,91,0,0,0,9,8
275,1976-08-28,44,Hombre,1,2016-07-08,2020-10-14,51.96666666666667,4.330555555555556,Grado Superior,4,Soltero,0.0,No,Supervisor,3,35.0,0.875,0,Departamento 8,8,0,0,20654,20654,0,34,0,0,0,6,6
285,1966-12-25,53,Hombre,1,2014-02-18,2020-10-14,81.0,6.75,ESO,1,Soltero,0.6347517730496454,No,Supervisor,3,40.0,1.0,0,Departamento 8,8,0,0,23298,23298,0,29,0,0,0,8,5
286,1978-04-06,42,Hombre,1,2015-11-14,2020-10-14,59.86666666666667,4.988888888888889,ESO,1,Soltero,0.0,No,Supervisor,3,20.0,0.5,0,Departamento 8,8,0,0,20191,20191,0,460,0,0,0,6,7
291,1964-10-23,56,Hombre,1,2016-05-16,2020-10-14,53.733333333333334,4.477777777777778,Universitaria,5,Soltero,0.0,No,Supervisor,3,30.0,0.75,0,Departamento 8,8,1,0,23678,23678,0,138,0,0,0,9,10
296,1993-08-11,27,Hombre,1,2019-01-13,2020-10-14,21.333333333333332,1.7777777777777777,ESO,1,Soltero,0.6347517730496454,No,Supervisor,3,40.0,1.0,0,Departamento 8,8,0,0,18221,18221,0,66,6,0,0,6,9
310,1990-10-01,30,Hombre,1,2018-08-24,2020-10-14,26.066666666666666,2.172222222222222,Grado Medio,2,Soltero,0.0,No,Supervisor,3,25.0,0.625,0,Departamento 8,8,0,0,19581,19581,0,175,6,0,0,6,10
17,1971-10-24,49,Mujer,0,2010-05-24,2020-10-14,126.53333333333333,10.544444444444444,ESO,1,Separado,0.0,No,Supervisor,3,30.0,0.75,179,Departamento 7,7,0,0,20073,20073,0,199,6,0,0,8,5
183,1957-12-08,62,Mujer,0,2013-07-17,2020-10-14,88.2,7.3500000000000005,ESO,1,Soltero,0.0,No,Supervisor,3,40.0,1.0,0,Departamento 7,7,0,0,21218,21218,0,5,6,0,0,6,9
200,1971-04-04,49,Hombre,1,2015-04-15,2020-10-14,66.96666666666667,5.580555555555556,Universitaria,5,Soltero,0.0,No,Supervisor,3,40.0,1.0,0,Departamento 7,7,0,1,18452,18452,0,130,0,0,0,10,6
202,1971-02-03,49,Hombre,1,2016-08-25,2020-10-14,50.36666666666667,4.197222222222222,ESO,1,Soltero,0.0,No,Supervisor,3,40.0,1.0,0,Departamento 7,7,0,0,23161,23161,0,8,0,0,0,9,6
207,1990-06-14,30,Hombre,1,2015-04-24,2020-10-14,66.66666666666667,5.555555555555556,Grado Medio,2,Soltero,0.0,No,Supervisor,3,20.0,0.5,0,Departamento 7,7,1,0,20906,20906,0,44,0,0,0,7,8
214,1991-04-09,29,Hombre,1,2018-03-14,2020-10-14,31.5,2.625,Universitaria,5,Soltero,0.0,No,Supervisor,3,20.0,0.5,0,Departamento 7,7,1,0,22298,22298,0,151,0,0,0,4,10
134,1986-07-11,34,Mujer,0,2016-02-05,2020-10-14,57.1,4.758333333333334,Grado Superior,4,Soltero,0.0,No,Supervisor,3,40.0,1.0,0,Departamento 6,6,0,0,21768,21768,0,371,0,0,0,4,6
135,1991-12-17,28,Hombre,1,2017-02-12,2020-10-14,44.666666666666664,3.722222222222222,ESO,1,Soltero,0.0,No,Supervisor,3,30.0,0.75,0,Departamento 6,6,0,0,21926,21926,0,3,0,0,0,8,5
159,1979-09-02,41,Hombre,1,2015-02-03,2020-10-14,69.33333333333333,5.777777777777778,Grado Superior,4,Soltero,0.0,No,Supervisor,3,24.0,0.6,0,Departamento 6,6,0,0,23748,23748,0,96,0,0,0,8,5
169,1964-03-05,56,Hombre,1,2007-01-13,2020-10-14,167.43333333333334,13.952777777777778,ESO,1,Casado,2.0,No,Supervisor,3,40.0,1.0,0,Departamento 6,6,0,0,18181,18181,0,49,0,0,0,7,5
182,1991-08-08,29,Hombre,1,2018-06-13,2020-10-14,28.466666666666665,2.3722222222222222,ESO,1,Soltero,0.0,No,Supervisor,3,20.0,0.5,0,Departamento 6,6,1,0,22503,22503,0,120,6,0,0,5,7
29,1976-03-12,44,Hombre,1,2003-05-04,2020-10-14,212.43333333333334,17.70277777777778,Bachillerato,3,Soltero,0.0,No,Supervisor,3,40.0,1.0,0,Departamento 5,5,0,0,23815,23815,0,50,0,0,0,9,9
31,1986-03-27,34,Mujer,0,2015-02-12,2020-10-14,69.03333333333333,5.752777777777777,ESO,1,Soltero,0.0,No,Supervisor,3,40.0,1.0,0,Departamento 5,5,1,0,20177,20177,0,240,0,0,0,4,8
68,1971-12-13,48,Mujer,0,2014-12-07,2020-10-14,71.26666666666667,5.938888888888889,Grado Medio,2,Soltero,0.0,No,Supervisor,3,40.0,1.0,0,Departamento 5,5,0,0,19326,19326,0,23,18,0,0,5,9
76,1983-07-15,37,Mujer,0,2018-10-10,2020-10-14,24.5,2.0416666666666665,ESO,1,Soltero,0.0,No,Supervisor,3,30.0,0.75,0,Departamento 5,5,0,0,19319,19319,0,16,18,0,0,10,7
89,1997-09-13,23,Hombre,1,2019-07-12,2020-10-14,15.333333333333334,1.277777777777778,ESO,1,Soltero,0.0,No,Supervisor,3,20.0,0.5,0,Departamento 5,5,0,0,18789,18789,0,182,12,0,0,6,7
93,1979-07-11,41,Hombre,1,2015-07-05,2020-10-14,64.26666666666667,5.355555555555555,Grado Medio,2,Soltero,0.0,No,Supervisor,3,40.0,1.0,0,Departamento 5,5,1,0,19200,19200,0,126,12,0,0,6,9
115,1992-12-26,27,Hombre,1,2017-05-24,2020-10-14,41.3,3.4416666666666664,Grado Medio,2,Soltero,0.0,No,Supervisor,3,40.0,1.0,0,Departamento 5,5,0,0,22212,22212,0,156,0,0,0,4,6
131,1965-01-29,55,Hombre,1,2001-01-11,2020-10-14,240.53333333333333,20.044444444444444,ESO,1,Casado,1.0,No,Supervisor,3,40.0,1.0,0,Departamento 5,5,0,0,18115,18115,0,34,0,0,0,5,6
